<?xml version="1.0" encoding="UTF-8"?>
<!--
  ~ Copyright (C) 2012 Red Hat, Inc.
  ~ All rights reserved.
  ~  
  ~ This file is part of JBoss EAP 5.x SCAP Content.
  ~  
  ~ JBoss EAP 5.x SCAP Content is free software: you can redistribute it and/or modify
  ~ it under the terms of the GNU Lesser General Public License as published by
  ~ the Free Software Foundation, either version 3 of the License, or
  ~ (at your option) any later version.
  ~  
  ~ JBoss EAP 5.x SCAP Content is distributed in the hope that it will be useful,
  ~ but WITHOUT ANY WARRANTY; without even the implied warranty of
  ~ MERCHANTABILITY or FITNESS FOR A PARTICULAR PURPOSE.  See the
  ~ GNU Lesser General Public License for more details.
  ~  
  ~ You should have received a copy of the GNU Lesser General Public License
  ~ along with JBoss EAP 5.x SCAP Content.  If not, see <http://www.gnu.org/licenses/>.
  -->

<cpe-list xmlns:xsi="http://www.w3.org/2001/XMLSchema-instance" 
    xmlns:meta="http://scap.nist.gov/schema/cpe-dictionary-metadata/0.2" 
    xmlns="http://cpe.mitre.org/dictionary/2.0" 
    xsi:schemaLocation="http://scap.nist.gov/schema/cpe-dictionary-metadata/0.2 
    http://nvd.nist.gov/schema/cpe-dictionary-metadata_0.2.xsd http://cpe.mitre.org/dictionary/2.0 
    http://cpe.mitre.org/files/cpe-dictionary_2.2.xsd">
    
    <cpe-item name="cpe:/a:redhat:jboss_enterprise_application_platform:5.0.0">
        <title xml:lang="en-US">JBoss Enterprise Application Platform 5.0.0</title>
        <check system="http://oval.mitre.org/XMLSchema/oval-definitions-5" href="eap5-cpe-oval.xml">oval:com.redhat.eap5.scap:def:599601</check>
    </cpe-item>
    
	<cpe-item name="cpe:/a:redhat:jboss_enterprise_application_platform:5.1.0">
        <title xml:lang="en-US">JBoss Enterprise Application Platform 5.1.0</title>
        <check system="http://oval.mitre.org/XMLSchema/oval-definitions-5" href="eap5-cpe-oval.xml">oval:com.redhat.eap5.scap:def:599901</check>
    </cpe-item>
    
    <cpe-item name="cpe:/a:redhat:jboss_enterprise_application_platform:5.1.1">
        <title xml:lang="en-US">JBoss Enterprise Application Platform 5.1.1</title>
        <check system="http://oval.mitre.org/XMLSchema/oval-definitions-5" href="eap5-cpe-oval.xml">oval:com.redhat.eap5.scap:def:599701</check>
    </cpe-item>
    
    <cpe-item name="cpe:/a:redhat:jboss_enterprise_application_platform:5.1.2">
        <title xml:lang="en-US">JBoss Enterprise Application Platform 5.1.2</title>
        <check system="http://oval.mitre.org/XMLSchema/oval-definitions-5" href="eap5-cpe-oval.xml">oval:com.redhat.eap5.scap:def:599801</check>
    </cpe-item>
</cpe-list>